{"msg":0,"scp":["GO:0038111","GO:0044267"],"boolean":true,"AnnotatedGeneSet":["P52333","P13232","O14508","Q71DI3","P68431","Q9NSE2","Q9NSI6","P27986","P42229","P40763","O00459","Q9HC73","P55895","P15918","P51692","Q9Y4H2","P51532","P35568","P31785","P14210","P16871","Q969D9","P23458","Q92569","O15524"],"organism":"homo_sapiens","terms":{"GO:0006082":{"parent":["GO:0044237"],"geneSet":["P14210","P51692","Q9Y4H2","P42229","P35568","P40763"],"children":[],"name":"organic acid metabolic process","IC":37.80881456809338,"opacity":1,"onto":"BP","color":{"h":52.4025,"c":75,"l":50},"r":57.224554831286866,"x":290.5726334533177,"y":324.2563760578654},"GO:0008150":{"parent":"GO","geneSet":[],"children":["GO:0008152","GO:0009987"],"name":"biological_process","IC":0,"opacity":1,"onto":"BP","color":{"h":200,"c":0,"l":70},"r":346.5,"x":441,"y":346.5},"GO:0038111":{"parent":[],"geneSet":["P52333","Q9HC73","P51692","Q9Y4H2","P51532","P35568","P31785","P13232","O14508","P16871","Q71DI3","Q969D9","P68431","Q9NSE2","Q9NSI6","P23458","P42229","O15524","P40763"],"children":[],"name":"interleukin-7-mediated signaling pathway","IC":30.40293293412047,"opacity":1,"onto":"BP","wd":295,"font":"14","color":{"h":108,"c":65,"l":70},"r":97.01687515993967,"x":487.3655380704367,"y":553.0110944634596},"GO:0008152":{"parent":["GO:0008150"],"geneSet":["Q9NSI6","P42229","P51692","P51532","P16871"],"children":["GO:0044237"],"name":"metabolic process","IC":3.401197381662156,"opacity":1,"onto":"BP","color":{"h":252,"c":65,"l":70},"r":154.84639307891678,"x":632.2502981959564,"y":346.5},"GO:0044267":{"parent":[],"geneSet":["P52333","O00459","P15918","P55895","Q9Y4H2","P35568","P31785","P14210","P13232","O14508","Q71DI3","Q969D9","P68431","Q9NSE2","P23458","P27986","Q92569","O15524","P40763"],"children":[],"name":"cellular protein metabolic process","IC":82.06186362295614,"opacity":1,"onto":"BP","wd":242,"font":"14","color":{"h":233.4857142857143,"c":70,"l":60},"r":97.01687515993967,"x":574.8240890021061,"y":346.5},"GO":{"geneSet":[],"children":["GO:0008150"],"name":"Gene Ontology","IC":0,"opacity":1},"GO:0006366":{"parent":[],"geneSet":["O00459","P14210","P51692","Q9NSI6","P27986","P42229","P51532","P40763"],"children":[],"name":"transcription by RNA polymerase II","IC":591.8992949879889,"opacity":1,"onto":"BP","color":{"h":49.1625,"c":75,"l":50},"r":63.020064498629445,"x":169.9247053982745,"y":324.2563760578654},"GO:0046854":{"parent":[],"geneSet":["O00459","O14508","Q9NSE2","P27986","Q92569","O15524"],"children":[],"name":"phosphatidylinositol phosphorylation","IC":221.73128759466258,"opacity":1,"onto":"BP","color":{"h":258.1714285714286,"c":70,"l":60},"r":57.224554831286866,"x":729.4688277184595,"y":346.5},"GO:0043434":{"parent":[],"geneSet":["P51692","P42229","P40763"],"children":[],"name":"response to peptide hormone","IC":71.38095373649462,"opacity":1,"onto":"BP","color":{"h":324,"c":65,"l":70},"r":66.75360014974844,"x":484.2017959262058,"y":181.06993304096673},"GO:0009306":{"parent":[],"geneSet":["Q9HC73","Q969D9","Q9Y4H2","P35568","O15524"],"children":[],"name":"protein secretion","IC":171.57847554078685,"opacity":1,"onto":"BP","color":{"h":180,"c":65,"l":70},"r":51.89339478277533,"x":380.648465854229,"y":122.33593409671761},"GO:0044237":{"parent":["GO:0009987","GO:0008152"],"geneSet":["P52333","P13232","O14508","Q71DI3","P68431","Q9NSE2","P15918","P55895","P31785","P16871","Q969D9","P23458","Q92569","O15524"],"children":["GO:0006082"],"name":"cellular metabolic process","IC":14.028603773424983,"opacity":1,"onto":"BP","color":{"h":52.2,"c":70,"l":60},"r":124.52018287426195,"x":223.6803141354694,"y":324.2563760578654},"GO:0009987":{"parent":["GO:0008150"],"geneSet":["Q9HC73"],"children":["GO:0044237"],"name":"cellular process","IC":3.401197381662156,"opacity":1,"onto":"BP","color":{"h":36,"c":65,"l":70},"r":191.0486438333929,"x":285.9519525585198,"y":346.5},"GO:0032869":{"parent":[],"geneSet":["O00459","Q9Y4H2","P27986","P35568"],"children":[],"name":"cellular response to insulin stimulus","IC":463.2420239231419,"opacity":1,"onto":"BP","color":{"h":307.79999999999995,"c":70,"l":60},"r":47.276474749123665,"x":465.1279792507079,"y":181.06993304096673},"GO:0030098":{"parent":[],"geneSet":["P52333","P13232","P16871","P15918","P55895","P27986","O15524"],"children":[],"name":"lymphocyte differentiation","IC":42.40493996540596,"opacity":1,"onto":"BP","color":{"h":30.599999999999994,"c":70,"l":60},"r":63.020064498629445,"x":411.6238702334876,"y":324.2563760578654},"GO:0032870":{"parent":[],"geneSet":["O00459","O14508","P51692","Q9Y4H2","P27986","P35568","P40763"],"children":[],"name":"cellular response to hormone stimulus","IC":81.12637000173699,"opacity":1,"onto":"BP","color":{"h":41.4,"c":70,"l":60},"r":63.020064498629445,"x":369.08997528388727,"y":443.3311875146601},"P52333":{"terms":["GO:0044237","GO:0038111","GO:0030098","GO:0044267"]},"P13232":{"terms":["GO:0044237","GO:0038111","GO:0030098","GO:0044267"]},"O14508":{"terms":["GO:0044237","GO:0038111","GO:0032870","GO:0044267","GO:0046854"]},"Q71DI3":{"terms":["GO:0044237","GO:0038111","GO:0044267"]},"P68431":{"terms":["GO:0044237","GO:0038111","GO:0044267"]},"Q9NSE2":{"terms":["GO:0044237","GO:0038111","GO:0044267","GO:0046854"]},"Q9NSI6":{"terms":["GO:0008152","GO:0038111","GO:0006366"]},"P27986":{"terms":["GO:0030098","GO:0032870","GO:0044267","GO:0046854","GO:0032869","GO:0006366"]},"P42229":{"terms":["GO:0008152","GO:0038111","GO:0006082","GO:0043434","GO:0006366"]},"P40763":{"terms":["GO:0038111","GO:0006082","GO:0043434","GO:0032870","GO:0044267","GO:0006366"]},"O00459":{"terms":["GO:0032870","GO:0044267","GO:0046854","GO:0032869","GO:0006366"]},"Q9HC73":{"terms":["GO:0009987","GO:0038111","GO:0009306"]},"P15918":{"terms":["GO:0044237","GO:0030098","GO:0044267"]},"P55895":{"terms":["GO:0044237","GO:0030098","GO:0044267"]},"P51692":{"terms":["GO:0008152","GO:0038111","GO:0006082","GO:0043434","GO:0032870","GO:0006366"]},"Q9Y4H2":{"terms":["GO:0038111","GO:0006082","GO:0032870","GO:0044267","GO:0009306","GO:0032869"]},"P51532":{"terms":["GO:0008152","GO:0038111","GO:0006366"]},"P35568":{"terms":["GO:0038111","GO:0006082","GO:0032870","GO:0044267","GO:0009306","GO:0032869"]},"P31785":{"terms":["GO:0044237","GO:0038111","GO:0044267"]},"P14210":{"terms":["GO:0006082","GO:0044267","GO:0006366"]},"P16871":{"terms":["GO:0008152","GO:0044237","GO:0038111","GO:0030098"]},"Q969D9":{"terms":["GO:0044237","GO:0038111","GO:0044267","GO:0009306"]},"P23458":{"terms":["GO:0044237","GO:0038111","GO:0044267"]},"Q92569":{"terms":["GO:0044237","GO:0044267","GO:0046854"]},"O15524":{"terms":["GO:0044237","GO:0038111","GO:0030098","GO:0044267","GO:0009306","GO:0046854"]}},"GS2":0.6204951385573962,"tree":{"children":[{"children":[{"size":1,"id":"P52333"},{"size":1,"id":"Q9HC73"},{"size":1,"id":"P51692"},{"size":1,"id":"Q9Y4H2"},{"size":1,"id":"P51532"},{"size":1,"id":"P35568"},{"size":1,"id":"P31785"},{"size":1,"id":"P13232"},{"size":1,"id":"O14508"},{"size":1,"id":"P16871"},{"size":1,"id":"Q71DI3"},{"size":1,"id":"Q969D9"},{"size":1,"id":"P68431"},{"size":1,"id":"Q9NSE2"},{"size":1,"id":"Q9NSI6"},{"size":1,"id":"P23458"},{"size":1,"id":"P42229"},{"size":1,"id":"O15524"},{"size":1,"id":"P40763"}],"id":"GO:0038111"},{"children":[{"children":[{"size":1,"id":"P52333"},{"size":1,"id":"O00459"},{"size":1,"id":"P15918"},{"size":1,"id":"P55895"},{"size":1,"id":"Q9Y4H2"},{"size":1,"id":"P35568"},{"size":1,"id":"P31785"},{"size":1,"id":"P14210"},{"size":1,"id":"P13232"},{"size":1,"id":"O14508"},{"size":1,"id":"Q71DI3"},{"size":1,"id":"Q969D9"},{"size":1,"id":"P68431"},{"size":1,"id":"Q9NSE2"},{"size":1,"id":"P23458"},{"size":1,"id":"P27986"},{"size":1,"id":"Q92569"},{"size":1,"id":"O15524"},{"size":1,"id":"P40763"}],"id":"GO:0044267"},{"children":[{"size":1,"id":"O00459"},{"size":1,"id":"O14508"},{"size":1,"id":"Q9NSE2"},{"size":1,"id":"P27986"},{"size":1,"id":"Q92569"},{"size":1,"id":"O15524"}],"id":"GO:0046854"},{"size":1,"id":"Q9NSI6"},{"size":1,